no,date,amount_to_offer,Interest,Investor
39,04/01/2024,85597649.00,Seeds,Diwei1
40,05/01/2024,69602254.00,Seeds,Diwei2
41,06/01/2024,66056106.00,Seeds,Diwei3
42,07/01/2024,68997906.00,Seeds,Diwei4
43,08/01/2024,99957139.00,Seeds,Diwei5
44,09/01/2024,93069120.00,Seeds,Diwei6
45,10/01/2024,61581762.00,Seeds,Diwei7
46,11/01/2024,72686066.00,Seeds,Diwei8
47,12/01/2024,83337409.00,Seeds,Diwei9
48,13/01/2024,124396503.00,equipments,Diwei10
49,14/01/2024,87942866.00,equipments,Diwei11
50,15/01/2024,97754619.00,equipments,Diwei12
51,16/01/2024,68219979.00,equipments,Diwei13
52,17/01/2024,72434092.00,equipments,Diwei14
53,18/01/2024,104556976.00,equipments,Diwei15
54,19/01/2024,88362160.00,equipments,Diwei16
55,20/01/2024,100905095.00,equipments,Diwei17
56,21/01/2024,95626184.00,equipments,Diwei18
57,22/01/2024,100277082.00,equipments,Diwei19
58,23/01/2024,34293771.00,equipments,Diwei20
59,24/01/2024,22202612.00,equipments,Diwei21
60,25/01/2024,2956000.00,equipments,Diwei22
61,26/01/2024,5000000.00,Seeds,Diwei23
62,27/01/2024,269061.00,Seeds,Diwei24
63,28/01/2024,27200000.00,Seeds,Diwei25
64,29/01/2024,31051126.00,Seeds,Diwei26
65,30/01/2024,11033517.00,Seeds,Diwei27
66,31/01/2024,35550000.00,Seeds,Diwei28
67,01/02/2024,51100000.00,Seeds,Diwei29
68,02/02/2024,31807436.00,Seeds,Diwei30
69,03/02/2024,330249062.00,Seeds,Diwei31
70,04/02/2024,43100000.00,Seeds,Diwei32
71,05/02/2024,56715371.00,Seeds,Diwei33
72,06/02/2024,37877959.00,Seeds,Diwei34
73,07/02/2024,180011740.00,Seeds,Diwei35
74,08/02/2024,134607826.00,Seeds,Diwei36
75,09/02/2024,180011740.00,Seeds,Diwei37
76,10/02/2024,131807826.00,Seeds,Diwei38
77,11/02/2024,39552600.00,Seeds,Diwei39
78,12/02/2024,34739561.00,Seeds,Diwei40
79,13/02/2024,25500305.00,Seeds,Diwei41
80,14/02/2024,36981270.00,Seeds,Diwei42
81,15/02/2024,111792859.00,Seeds,Diwei43
82,16/02/2024,137672646.00,Seeds,Diwei44
83,17/02/2024,107171155.00,Seeds,Diwei45
84,18/02/2024,53441973.00,Seeds,Diwei46
85,19/02/2024,76081660.00,Seeds,Diwei47
86,20/02/2024,107853759.00,Seeds,Diwei48
87,21/02/2024,73187069.00,Seeds,Diwei49
88,22/02/2024,105117873.00,Seeds,Diwei50
89,23/02/2024,80903897.00,Seeds,Diwei51
90,24/02/2024,65950198.00,Seeds,Diwei52
91,25/02/2024,113624636.00,Seeds,Diwei53
92,26/02/2024,126920850.00,Seeds,Diwei54
93,27/02/2024,119051955.00,Seeds,Diwei55
94,28/02/2024,114650222.00,Seeds,Diwei56
95,29/02/2024,144556219.00,Seeds,Diwei57
96,01/03/2024,95119393.00,Seeds,Diwei58
97,02/03/2024,104997243.00,Seeds,Diwei59
98,03/03/2024,119575857.00,Seeds,Diwei60
99,04/03/2024,108330589.00,Seeds,Diwei61
100,05/03/2024,104550870.00,Seeds,Diwei62
101,06/03/2024,107876223.00,Seeds,Diwei63
102,07/03/2024,88021365.00,Seeds,Diwei64
103,08/03/2024,76601234.00,Seeds,Diwei65
104,09/03/2024,82786991.00,Seeds,Diwei66
105,10/03/2024,119420517.00,Seeds,Diwei67
106,11/03/2024,125258205.00,Seeds,Diwei68
107,12/03/2024,101806375.00,Seeds,Diwei69
108,13/03/2024,98385177.00,Seeds,Diwei70
109,14/03/2024,91792323.00,Seeds,Diwei71
110,15/03/2024,162292916.00,Seeds,Diwei72
111,16/03/2024,112876893.00,Seeds,Diwei73
112,17/03/2024,137649323.00,Seeds,Diwei74
113,18/03/2024,149091879.00,Seeds,Diwei75
114,19/03/2024,114685797.00,Seeds,Diwei76
115,20/03/2024,162799816.00,Seeds,Diwei77
116,21/03/2024,142877002.00,Seeds,Diwei78
117,22/03/2024,139446663.00,Seeds,Diwei79
118,23/03/2024,125121967.00,Seeds,Diwei80
119,24/03/2024,149681233.00,Seeds,Diwei81
120,25/03/2024,292979556.00,Seeds,Diwei82
121,26/03/2024,184925485.00,Seeds,Diwei83
122,27/03/2024,72403614.00,Seeds,Diwei84
123,28/03/2024,102797150.00,Seeds,Diwei85
124,29/03/2024,31051126.00,Seeds,Diwei86
125,30/03/2024,26000610.00,Seeds,Diwei87
126,31/03/2024,198332128.00,Seeds,Diwei88
127,01/04/2024,237282182.00,Seeds,Diwei89
128,02/04/2024,90339906.00,Seeds,Diwei90
129,03/04/2024,177343675.00,Seeds,Diwei91
130,04/04/2024,187345311.00,Seeds,Diwei92
131,05/04/2024,669276.00,Seeds,Diwei93
132,06/04/2024,422783777.00,Seeds,Diwei94
133,07/04/2024,217723104.00,Seeds,Diwei95
134,08/04/2024,126182379.00,Seeds,Diwei96
135,09/04/2024,21386256.00,Seeds,Diwei97
136,10/04/2024,123691576.00,Seeds,Diwei98
137,11/04/2024,131451839.00,Seeds,Diwei99
138,12/04/2024,84787710.00,Seeds,Diwei100
139,13/04/2024,91254296.00,Seeds,Diwei101
140,14/04/2024,105018446.00,Seeds,Diwei102
141,15/04/2024,91356837.00,Seeds,Diwei103
142,16/04/2024,135865750.00,Seeds,Diwei104
143,17/04/2024,84792260.00,Seeds,Diwei105
144,18/04/2024,119863817.00,Seeds,Diwei106
145,19/04/2024,145399587.00,Seeds,Diwei107
146,20/04/2024,126242164.00,Seeds,Diwei108
147,21/04/2024,118546873.00,Seeds,Diwei109
148,22/04/2024,224329714.00,Seeds,Diwei110
149,23/04/2024,140203275.00,Seeds,Diwei111
150,24/04/2024,173294557.00,Seeds,Diwei112
151,25/04/2024,159739623.00,Seeds,Diwei113
152,26/04/2024,156939767.00,Seeds,Diwei114
153,27/04/2024,155625905.00,Seeds,Diwei115
154,28/04/2024,205756255.00,Seeds,Diwei116
155,29/04/2024,292979556.00,Seeds,Diwei117
156,30/04/2024,34293771.00,Seeds,Diwei118
157,01/05/2024,6000000.00,Seeds,Diwei119
158,02/05/2024,57750000.00,Seeds,Diwei120
159,03/05/2024,85607143.00,Seeds,Diwei121
160,04/05/2024,37877959.00,Seeds,Diwei122
161,05/05/2024,96917897.00,Seeds,Diwei123
162,06/05/2024,94125426.00,Seeds,Diwei124
163,07/05/2024,36500000.00,Seeds,Diwei125
164,08/05/2024,27315083.00,Seeds,Diwei126
165,09/05/2024,39293978.00,Seeds,Diwei127
166,10/05/2024,5990075.00,Seeds,Diwei128
167,11/05/2024,51600000.00,Seeds,Diwei129
168,12/05/2024,87100000.00,Seeds,Diwei130
169,13/05/2024,54648731.00,Seeds,Diwei131
170,14/05/2024,32041802.00,Seeds,Diwei132
171,15/05/2024,40081398.00,Seeds,Diwei133
172,16/05/2024,46836394.00,Seeds,Diwei134
173,17/05/2024,35183792.00,Seeds,Diwei135
174,18/05/2024,41574631.00,Seeds,Diwei136
175,19/05/2024,50849821.00,Seeds,Diwei137
176,20/05/2024,37713829.00,Seeds,Diwei138
177,21/05/2024,30808740.00,Seeds,Diwei139
178,22/05/2024,21329252.00,Seeds,Diwei140
179,23/05/2024,20226110.00,Seeds,Diwei141
180,24/05/2024,37438191.00,Seeds,Diwei142
181,25/05/2024,17660270.00,Seeds,Diwei143
182,26/05/2024,47932583.00,Seeds,Diwei144
183,27/05/2024,44323149.00,Seeds,Diwei145
184,28/05/2024,38413806.00,Seeds,Diwei146
185,29/05/2024,20130637.00,Seeds,Diwei147
186,30/05/2024,25822202.00,Seeds,Diwei148
187,31/05/2024,12374688.00,Seeds,Diwei149
188,01/06/2024,100000.00,Seeds,Diwei150
189,02/06/2024,23185035.00,Seeds,Diwei151
190,03/06/2024,12629013.00,Seeds,Diwei152
191,04/06/2024,38584278.00,Seeds,Diwei153
192,05/06/2024,37191349.00,Seeds,Diwei154
193,06/06/2024,28691103.00,Seeds,Diwei155
194,07/06/2024,29209520.00,Seeds,Diwei156
195,08/06/2024,55871894.00,Seeds,Diwei157
196,09/06/2024,5000000.00,Seeds,Diwei158
197,10/06/2024,49005172.00,Seeds,Diwei159
198,11/06/2024,13555807.00,Seeds,Diwei160
199,12/06/2024,114968774.00,Seeds,Diwei161
200,13/06/2024,2300000.00,Seeds,Diwei162
201,14/06/2024,3000000.00,Seeds,Diwei163
202,15/06/2024,163245.00,Seeds,Diwei164
203,16/06/2024,46656428.00,Seeds,Diwei165
204,17/06/2024,85911262.00,Seeds,Diwei166
205,18/06/2024,6241697.00,Seeds,Diwei167
206,19/06/2024,25000000.00,Seeds,Diwei168
207,20/06/2024,31051126.00,Seeds,Diwei169
208,21/06/2024,8326035.00,Seeds,Diwei170
209,22/06/2024,46300000.00,Seeds,Diwei171
210,23/06/2024,62240373.00,Seeds,Diwei172
211,24/06/2024,69688384.00,Seeds,Diwei173
212,25/06/2024,5364650.00,Seeds,Diwei174
213,26/06/2024,180483.00,Seeds,Diwei175
214,27/06/2024,114762794.00,Seeds,Diwei176
215,28/06/2024,71375345.00,Seeds,Diwei177
216,29/06/2024,41727835.00,Seeds,Diwei178
217,30/06/2024,26000610.00,Seeds,Diwei179
218,01/07/2024,85911262.00,Seeds,Diwei180
219,02/07/2024,141600000.00,Seeds,Diwei181
220,03/07/2024,76657000.00,Seeds,Diwei182
221,04/07/2024,42921005.00,Seeds,Diwei183
222,05/07/2024,46522028.00,Seeds,Diwei184
223,06/07/2024,53609384.00,Seeds,Diwei185
224,07/07/2024,74639566.00,Seeds,Diwei186
225,08/07/2024,36062336.00,Seeds,Diwei187
226,09/07/2024,67075997.00,Seeds,Diwei188
227,10/07/2024,45485767.00,Seeds,Diwei189
228,11/07/2024,95692594.00,Seeds,Diwei190
229,12/07/2024,59146918.00,Seeds,Diwei191
230,13/07/2024,69272520.00,Seeds,Diwei192
231,14/07/2024,88190118.00,Seeds,Diwei193
232,15/07/2024,87929436.00,Seeds,Diwei194
233,16/07/2024,90872014.00,Seeds,Diwei195
234,17/07/2024,64346590.00,Seeds,Diwei196
235,18/07/2024,48626114.00,Seeds,Diwei197
236,19/07/2024,68693770.00,Seeds,Diwei198
237,20/07/2024,41943449.00,Seeds,Diwei199
238,21/07/2024,39056561.00,Seeds,Diwei200
239,22/07/2024,52228328.00,Seeds,Diwei201
240,23/07/2024,46768213.00,Seeds,Diwei202
241,24/07/2024,46653961.00,Seeds,Diwei203
242,25/07/2024,43225207.00,Seeds,Diwei204
243,26/07/2024,49674341.00,Seeds,Diwei205
244,27/07/2024,49375068.00,Seeds,Diwei206
245,28/07/2024,54335635.00,Seeds,Diwei207
246,29/07/2024,47029003.00,Seeds,Diwei208
247,30/07/2024,56035740.00,Seeds,Diwei209
248,31/07/2024,57835182.00,Seeds,Diwei210
249,01/08/2024,60496717.00,Seeds,Diwei211
250,02/08/2024,51573395.00,Seeds,Diwei212
251,03/08/2024,59922630.00,Seeds,Diwei213
252,04/08/2024,70357854.00,Seeds,Diwei214
253,05/08/2024,65005722.00,Seeds,Diwei215
254,06/08/2024,67108561.00,Seeds,Diwei216
255,07/08/2024,77858283.00,Seeds,Diwei217
256,08/08/2024,82861473.00,Seeds,Diwei218
257,09/08/2024,92779962.00,Seeds,Diwei219
258,10/08/2024,292979556.00,Seeds,Diwei220
259,11/08/2024,9950.00,Seeds,Diwei221
260,12/08/2024,7927.00,Seeds,Diwei222
261,13/08/2024,90356857.00,Seeds,Diwei223
262,14/08/2024,9600000.00,Seeds,Diwei224
263,15/08/2024,43650000.00,Seeds,Diwei225
264,16/08/2024,8326035.00,Seeds,Diwei226
265,17/08/2024,46300000.00,Seeds,Diwei227
266,18/08/2024,1987287.00,Seeds,Diwei228
267,19/08/2024,26893.00,Seeds,Diwei229
268,20/08/2024,15180000.00,Seeds,Diwei230
269,21/08/2024,67141796.00,Seeds,Diwei231
270,22/08/2024,53577548.00,Seeds,Diwei232
271,23/08/2024,32813017.00,Seeds,Diwei233
272,24/08/2024,82226474.00,Seeds,Diwei234
273,25/08/2024,77679638.00,Seeds,Diwei235
274,26/08/2024,36500000.00,Seeds,Diwei236
275,27/08/2024,20842254.00,Seeds,Diwei237
276,28/08/2024,47230200.00,Seeds,Diwei238
277,29/08/2024,8326035.00,Seeds,Diwei239
278,30/08/2024,35150000.00,Seeds,Diwei240
279,31/08/2024,22878749.00,Seeds,Diwei241
280,01/09/2024,99549868.00,Seeds,Diwei242
281,02/09/2024,17923936.00,Seeds,Diwei243
282,03/09/2024,84104109.00,Seeds,Diwei244
283,04/09/2024,43989493.00,Seeds,Diwei245
284,05/09/2024,44545169.00,Seeds,Diwei246
285,06/09/2024,70079871.00,Seeds,Diwei247
286,07/09/2024,50420099.00,Seeds,Diwei248
287,08/09/2024,25498311.00,Seeds,Diwei249
288,09/09/2024,45427349.00,Seeds,Diwei250
289,10/09/2024,43421736.00,Seeds,Diwei251
290,11/09/2024,35378039.00,Seeds,Diwei252
291,12/09/2024,31811976.00,Seeds,Diwei253
292,13/09/2024,37036669.00,Seeds,Diwei254
293,14/09/2024,33454643.00,Seeds,Diwei255
294,15/09/2024,53590315.00,Seeds,Diwei256
295,16/09/2024,33151705.00,Seeds,Diwei257
296,17/09/2024,41989512.00,Seeds,Diwei258
297,18/09/2024,34653639.00,Seeds,Diwei259
298,19/09/2024,44860289.00,Seeds,Diwei260
299,20/09/2024,29053348.00,Seeds,Diwei261
300,21/09/2024,35226815.00,Seeds,Diwei262
301,22/09/2024,35285171.00,Seeds,Diwei263
302,23/09/2024,32744483.00,Seeds,Diwei264
303,24/09/2024,27754233.00,Seeds,Diwei265
304,25/09/2024,34319941.00,Seeds,Diwei266
305,26/09/2024,29604199.00,Seeds,Diwei267
306,27/09/2024,44430251.00,Seeds,Diwei268
307,28/09/2024,45489924.00,Seeds,Diwei269
308,29/09/2024,55913104.00,Seeds,Diwei270
309,30/09/2024,48448184.00,Seeds,Diwei271
310,01/10/2024,48085315.00,Seeds,Diwei272
311,02/10/2024,50325102.00,Seeds,Diwei273
312,03/10/2024,321952.00,Seeds,Diwei274
313,04/10/2024,6706368.00,Seeds,Diwei275
314,05/10/2024,7830611.00,Seeds,Diwei276
315,06/10/2024,617172.00,Seeds,Diwei277
316,07/10/2024,2047570.00,Seeds,Diwei278
317,08/10/2024,38168022.00,Seeds,Diwei279
318,09/10/2024,4024121.00,Seeds,Diwei280
319,10/10/2024,26236141.00,Seeds,Diwei281
320,11/10/2024,3763558.00,Seeds,Diwei282
321,12/10/2024,4533131.00,Seeds,Diwei283
322,13/10/2024,12840802.00,Seeds,Diwei284
323,14/10/2024,16911271.00,Seeds,Diwei285
324,15/10/2024,7319375.00,Seeds,Diwei286
325,16/10/2024,3848840.00,Seeds,Diwei287
326,17/10/2024,35203541.00,Seeds,Diwei288
327,18/10/2024,25227340.00,Seeds,Diwei289
328,19/10/2024,15866105.00,Seeds,Diwei290
329,20/10/2024,10294813.00,Seeds,Diwei291
330,21/10/2024,16584573.00,Seeds,Diwei292
331,22/10/2024,5858.00,Seeds,Diwei293
332,23/10/2024,42134.00,Seeds,Diwei294
333,24/10/2024,114968774.00,Seeds,Diwei295
334,25/10/2024,26435.00,Seeds,Diwei296
335,26/10/2024,9950.00,Seeds,Diwei297
336,27/10/2024,163245.00,Seeds,Diwei298
337,28/10/2024,34293771.00,Seeds,Diwei299
338,29/10/2024,198655278.00,Seeds,Diwei300
339,30/10/2024,102797150.00,Seeds,Diwei301
340,31/10/2024,371897.00,Seeds,Diwei302
341,01/11/2024,22025000.00,Seeds,Diwei303
342,02/11/2024,7927.00,Seeds,Diwei304
343,03/11/2024,85911262.00,Seeds,Diwei305
344,04/11/2024,528972.00,Seeds,Diwei306
345,05/11/2024,36000000.00,Seeds,Diwei307
346,06/11/2024,4934530.00,Seeds,Diwei308
347,07/11/2024,27200000.00,Seeds,Diwei309
348,08/11/2024,43650000.00,Seeds,Diwei310
349,09/11/2024,6000000.00,Seeds,Diwei311
350,10/11/2024,57750000.00,Seeds,Diwei312
351,11/11/2024,37750000.00,Seeds,Diwei313
352,12/11/2024,94312095.00,Seeds,Diwei314
353,13/11/2024,23091.00,Seeds,Diwei315
354,14/11/2024,1987287.00,Seeds,Diwei316
355,15/11/2024,21153639.00,Seeds,Diwei317
356,16/11/2024,7191720.00,Seeds,Diwei318
357,17/11/2024,21729410.00,Seeds,Diwei319
358,18/11/2024,66676062.00,Seeds,Diwei320
359,19/11/2024,68933161.00,Seeds,Diwei321
360,20/11/2024,57300000.00,Seeds,Diwei322
361,21/11/2024,96917897.00,Seeds,Diwei323
362,22/11/2024,69324682.00,Seeds,Diwei324
363,23/11/2024,9929000.00,Seeds,Diwei325
364,24/11/2024,63457484.00,Seeds,Diwei326
365,25/11/2024,116493019.00,Seeds,Diwei327
366,26/11/2024,31018918.00,Seeds,Diwei328
367,27/11/2024,55838015.00,Seeds,Diwei329
368,28/11/2024,88803218.00,Seeds,Diwei330
369,29/11/2024,42414285.00,Seeds,Diwei331
370,30/11/2024,40678629.00,Seeds,Diwei332
371,01/12/2024,57244266.00,Seeds,Diwei333
372,02/12/2024,65355824.00,Seeds,Diwei334
373,03/12/2024,52139996.00,Seeds,Diwei335
374,04/12/2024,52989564.00,Seeds,Diwei336
375,05/12/2024,60298368.00,Seeds,Diwei337
376,06/12/2024,43088483.00,Seeds,Diwei338
377,07/12/2024,51546979.00,Seeds,Diwei339
378,08/12/2024,43151941.00,Seeds,Diwei340
379,09/12/2024,64199744.00,Seeds,Diwei341
380,10/12/2024,40471817.00,Seeds,Diwei342
381,11/12/2024,34735096.00,Seeds,Diwei343
382,12/12/2024,55181256.00,Seeds,Diwei344
383,13/12/2024,42733519.00,Seeds,Diwei345
384,14/12/2024,32726042.00,Seeds,Diwei346
385,15/12/2024,37559310.00,Seeds,Diwei347
386,16/12/2024,37590887.00,Seeds,Diwei348
387,17/12/2024,36895680.00,Seeds,Diwei349
388,18/12/2024,50253582.00,Seeds,Diwei350
389,19/12/2024,26004520.00,Seeds,Diwei351
390,20/12/2024,31425770.00,Seeds,Diwei352
391,21/12/2024,27387416.00,Seeds,Diwei353
392,22/12/2024,31857067.00,Seeds,Diwei354
393,23/12/2024,37513844.00,Seeds,Diwei355
394,24/12/2024,32948588.00,Seeds,Diwei356
395,25/12/2024,28553628.00,Seeds,Diwei357
396,26/12/2024,26238805.00,Seeds,Diwei358
397,27/12/2024,42719679.00,Seeds,Diwei359
398,28/12/2024,36147046.00,Seeds,Diwei360
399,29/12/2024,46157715.00,Seeds,Diwei361
400,30/12/2024,46208847.00,Seeds,Diwei362
401,31/12/2024,62250840.00,Seeds,Diwei363
402,01/01/2025,114968774.00,Seeds,Diwei364
403,02/01/2025,163245.00,Seeds,Diwei365
404,03/01/2025,184925485.00,Seeds,Diwei366
405,04/01/2025,22202612.00,Seeds,Diwei367
406,05/01/2025,72403614.00,Seeds,Diwei368
407,06/01/2025,102797150.00,Seeds,Diwei369
408,07/01/2025,85911262.00,Seeds,Diwei370
409,08/01/2025,31051126.00,Seeds,Diwei371
410,09/01/2025,87150000.00,Seeds,Diwei372
411,10/01/2025,163214286.00,Seeds,Diwei373
412,11/01/2025,69688384.00,Seeds,Diwei374
413,12/01/2025,50000000.00,Seeds,Diwei375
414,13/01/2025,69688384.00,Seeds,Diwei376
415,14/01/2025,39552600.00,Seeds,Diwei377
416,15/01/2025,82226474.00,Seeds,Diwei378
417,16/01/2025,26000610.00,Seeds,Diwei379
418,17/01/2025,74527537.00,Seeds,Diwei380
419,18/01/2025,13000000.00,Seeds,Diwei381
420,19/01/2025,76657000.00,Seeds,Diwei382
421,20/01/2025,49186871.00,Seeds,Diwei383
422,21/01/2025,434949459.00,Seeds,Diwei384
423,22/01/2025,69688384.00,Seeds,Diwei385
424,23/01/2025,42652003.00,Seeds,Diwei386
425,24/01/2025,198332128.00,Seeds,Diwei387
426,25/01/2025,145306985.00,Seeds,Diwei388
427,26/01/2025,135290278.00,Seeds,Diwei389
428,27/01/2025,106593296.00,Seeds,Diwei390
429,28/01/2025,177343675.00,Seeds,Diwei391
430,29/01/2025,119654900.00,Seeds,Diwei392
431,30/01/2025,137902514.00,Seeds,Diwei393
432,31/01/2025,62130099.00,Seeds,Diwei394
433,01/02/2025,86080838.00,Seeds,Diwei395
434,02/02/2025,150515549.00,Seeds,Diwei396
435,03/02/2025,82699123.00,Seeds,Diwei397
436,04/02/2025,52439573.00,Seeds,Diwei398
437,05/02/2025,99292902.00,Seeds,Diwei399
438,06/02/2025,86509493.00,Seeds,Diwei400
439,07/02/2025,75945691.00,Seeds,Diwei401
440,08/02/2025,92915497.00,Seeds,Diwei402
441,09/02/2025,101936968.00,Seeds,Diwei403
442,10/02/2025,130977376.00,Seeds,Diwei404
443,11/02/2025,110517846.00,Seeds,Diwei405
444,12/02/2025,88565397.00,Seeds,Diwei406
445,13/02/2025,88080981.00,Seeds,Diwei407
446,14/02/2025,119822369.00,Seeds,Diwei408
447,15/02/2025,104151580.00,Seeds,Diwei409
448,16/02/2025,105691821.00,Seeds,Diwei410
449,17/02/2025,143257493.00,Seeds,Diwei411
450,18/02/2025,115257157.00,Seeds,Diwei412
451,19/02/2025,144165954.00,Seeds,Diwei413
452,20/02/2025,137331901.00,Seeds,Diwei414
453,21/02/2025,156340775.00,Seeds,Diwei415
454,22/02/2025,141100992.00,Seeds,Diwei416
455,23/02/2025,199114041.00,Seeds,Diwei417
456,24/02/2025,292979556.00,Seeds,Diwei418
457,25/02/2025,114968774.00,Seeds,Diwei419
458,26/02/2025,184925485.00,Seeds,Diwei420
459,27/02/2025,22202612.00,Seeds,Diwei421
460,28/02/2025,72403614.00,Seeds,Diwei422
461,01/03/2025,51186774.00,Seeds,Diwei423
462,02/03/2025,69688384.00,Seeds,Diwei424
463,03/03/2025,8231.00,Seeds,Diwei425
464,04/03/2025,134568845.00,Seeds,Diwei426
465,05/03/2025,69688384.00,Seeds,Diwei427
466,06/03/2025,1229197.00,Seeds,Diwei428
467,07/03/2025,26000610.00,Seeds,Diwei429
468,08/03/2025,63143812.00,Seeds,Diwei430
469,09/03/2025,13000000.00,Seeds,Diwei431
470,10/03/2025,110971583.00,Seeds,Diwei432
471,11/03/2025,6000000.00,Seeds,Diwei433
472,12/03/2025,45840841.00,Seeds,Diwei434
473,13/03/2025,230674786.00,Seeds,Diwei435
474,14/03/2025,51842647.00,Seeds,Diwei436
475,15/03/2025,45010170.00,Seeds,Diwei437
476,16/03/2025,63145318.00,Seeds,Diwei438
477,17/03/2025,46334974.00,Seeds,Diwei439
478,18/03/2025,120591029.00,Seeds,Diwei440
479,19/03/2025,101644439.00,Seeds,Diwei441
480,20/03/2025,88237155.00,Seeds,Diwei442
481,21/03/2025,112816165.00,Seeds,Diwei443
482,22/03/2025,30368897.00,Seeds,Diwei444
483,23/03/2025,47379850.00,Seeds,Diwei445
484,24/03/2025,113877311.00,Seeds,Diwei446
485,25/03/2025,94033518.00,Seeds,Diwei447
486,26/03/2025,74653898.00,Seeds,Diwei448
487,27/03/2025,88995816.00,Seeds,Diwei449
488,28/03/2025,83322852.00,Seeds,Diwei450
489,29/03/2025,71315348.00,Seeds,Diwei451
490,30/03/2025,94209447.00,Seeds,Diwei452
491,31/03/2025,126406010.00,Seeds,Diwei453
492,01/04/2025,145125296.00,Seeds,Diwei454
493,02/04/2025,123530475.00,Seeds,Diwei455
494,03/04/2025,119797706.00,Seeds,Diwei456
495,04/04/2025,85456659.00,Seeds,Diwei457
496,05/04/2025,99555462.00,Seeds,Diwei458
497,06/04/2025,125351788.00,Seeds,Diwei459
498,07/04/2025,104268083.00,Seeds,Diwei460
499,08/04/2025,115208858.00,Seeds,Diwei461
500,09/04/2025,106364970.00,Seeds,Diwei462
501,10/04/2025,130782925.00,Seeds,Diwei463
502,11/04/2025,118734638.00,Seeds,Diwei464
503,12/04/2025,112858063.00,Seeds,Diwei465
504,13/04/2025,107977870.00,Seeds,Diwei466
505,14/04/2025,133721814.00,Seeds,Diwei467
506,15/04/2025,7927.00,Seeds,Diwei468
507,16/04/2025,34293771.00,Seeds,Diwei469
508,17/04/2025,198655278.00,Seeds,Diwei470
509,18/04/2025,36000000.00,Seeds,Diwei471
510,19/04/2025,6000000.00,Seeds,Diwei472
511,20/04/2025,57750000.00,Seeds,Diwei473
512,21/04/2025,8000000.00,Seeds,Diwei474
513,22/04/2025,14500000.00,Seeds,Diwei475
514,23/04/2025,50800000.00,Seeds,Diwei476
515,24/04/2025,1000000.00,Seeds,Diwei477
516,25/04/2025,21500000.00,Seeds,Diwei478
517,26/04/2025,39000000.00,Seeds,Diwei479
518,27/04/2025,24942013.00,Seeds,Diwei480
519,28/04/2025,10161099.00,Seeds,Diwei481
520,29/04/2025,87812616.00,Seeds,Diwei482
521,30/04/2025,48169908.00,Seeds,Diwei483
522,01/05/2025,54447401.00,Seeds,Diwei484
523,02/05/2025,305070.00,Seeds,Diwei485
524,03/05/2025,81061254.00,Seeds,Diwei486
525,04/05/2025,18221935.00,Seeds,Diwei487
526,05/05/2025,29203068.00,Seeds,Diwei488
527,06/05/2025,12817798.00,Seeds,Diwei489
528,07/05/2025,15408148.00,Seeds,Diwei490
529,08/05/2025,73948544.00,Seeds,Diwei491
530,09/05/2025,90110288.00,Seeds,Diwei492
531,10/05/2025,29554616.00,Seeds,Diwei493
532,11/05/2025,63174138.00,Seeds,Diwei494
533,12/05/2025,20502212.00,Seeds,Diwei495
534,13/05/2025,16646121.00,Seeds,Diwei496
535,14/05/2025,22464011.00,Seeds,Diwei497
536,15/05/2025,18969157.00,Seeds,Diwei498
537,16/05/2025,17359958.00,Seeds,Diwei499
538,17/05/2025,26824421.00,Seeds,Diwei500
539,18/05/2025,52744980.00,Seeds,Diwei501
540,19/05/2025,31648769.00,Seeds,Diwei502
541,20/05/2025,63301795.00,Seeds,Diwei503
542,21/05/2025,37115439.00,Seeds,Diwei504
543,22/05/2025,66469521.00,Seeds,Diwei505
544,23/05/2025,34826157.00,Seeds,Diwei506
545,24/05/2025,15990788.00,Seeds,Diwei507
546,25/05/2025,5000000.00,Seeds,Diwei508
547,26/05/2025,32000000.00,Seeds,Diwei509
548,27/05/2025,73548.00,Seeds,Diwei510
549,28/05/2025,13782838.00,Seeds,Diwei511
550,29/05/2025,180483.00,Seeds,Diwei512
551,30/05/2025,41814863.00,Seeds,Diwei513
552,31/05/2025,30859000.00,Seeds,Diwei514
553,01/06/2025,20763013.00,Seeds,Diwei515
554,02/06/2025,64564475.00,Seeds,Diwei516
555,03/06/2025,77676775.00,Seeds,Diwei517
556,04/06/2025,21378000.00,Seeds,Diwei518
557,05/06/2025,24741952.00,Seeds,Diwei519
558,06/06/2025,60700177.00,Seeds,Diwei520
559,07/06/2025,65012000.00,Seeds,Diwei521
560,08/06/2025,23069403.00,Seeds,Diwei522
561,09/06/2025,26505000.00,Seeds,Diwei523
562,10/06/2025,12909012.00,Seeds,Diwei524
563,11/06/2025,47010427.00,Seeds,Diwei525
564,12/06/2025,38264801.00,Seeds,Diwei526
565,13/06/2025,28949341.00,Seeds,Diwei527
566,14/06/2025,33184830.00,Seeds,Diwei528
567,15/06/2025,82799646.00,Seeds,Diwei529
568,16/06/2025,42315698.00,Seeds,Diwei530
569,17/06/2025,65069140.00,Seeds,Diwei531
570,18/06/2025,61677394.00,Seeds,Diwei532
571,19/06/2025,36262992.00,Seeds,Diwei533
572,20/06/2025,38442755.00,Seeds,Diwei534
573,21/06/2025,46279500.00,Seeds,Diwei535
574,22/06/2025,28750492.00,Seeds,Diwei536
575,23/06/2025,35386500.00,Seeds,Diwei537
576,24/06/2025,43098803.00,Seeds,Diwei538
577,25/06/2025,28992919.00,Seeds,Diwei539
578,26/06/2025,31146742.00,Seeds,Diwei540
579,27/06/2025,35283315.00,Seeds,Diwei541
580,28/06/2025,36838806.00,Seeds,Diwei542
581,29/06/2025,34245271.00,Seeds,Diwei543
582,30/06/2025,34060924.00,Seeds,Diwei544
583,01/07/2025,40716383.00,Seeds,Diwei545
584,02/07/2025,37041555.00,Seeds,Diwei546
585,03/07/2025,31342808.00,Seeds,Diwei547
586,04/07/2025,23633031.00,Seeds,Diwei548
587,05/07/2025,26144408.00,Seeds,Diwei549
588,06/07/2025,33036097.00,Seeds,Diwei550
589,07/07/2025,53037166.00,Seeds,Diwei551
590,08/07/2025,37223157.00,Seeds,Diwei552
591,09/07/2025,30245493.00,Seeds,Diwei553
592,10/07/2025,48250117.00,Seeds,Diwei554
593,11/07/2025,2808000.00,Seeds,Diwei555
594,12/07/2025,2300000.00,Seeds,Diwei556
595,13/07/2025,3000000.00,Seeds,Diwei557
596,14/07/2025,184925485.00,Seeds,Diwei558
597,15/07/2025,22202612.00,Seeds,Diwei559
598,16/07/2025,72403614.00,Seeds,Diwei560
599,17/07/2025,2956000.00,Seeds,Diwei561
600,18/07/2025,85911262.00,Seeds,Diwei562
601,19/07/2025,25000000.00,Seeds,Diwei563
602,20/07/2025,43650000.00,Seeds,Diwei564
603,21/07/2025,58271668.00,Seeds,Diwei565
604,22/07/2025,163214286.00,Seeds,Diwei566
605,23/07/2025,7147669.00,Seeds,Diwei567
606,24/07/2025,50000000.00,Seeds,Diwei568
607,25/07/2025,115000000.00,Seeds,Diwei569
608,26/07/2025,85911262.00,Seeds,Diwei570
609,27/07/2025,64893984.00,Seeds,Diwei571
610,28/07/2025,76657000.00,Seeds,Diwei572
611,29/07/2025,45366666.00,Seeds,Diwei573
612,30/07/2025,6144806.00,Seeds,Diwei574
613,31/07/2025,69700000.00,Seeds,Diwei575
614,01/08/2025,62650000.00,Seeds,Diwei576
615,02/08/2025,59375000.00,Seeds,Diwei577
616,03/08/2025,33000000.00,Seeds,Diwei578
617,04/08/2025,29210404.00,Seeds,Diwei579
618,05/08/2025,34295298.00,Seeds,Diwei580
619,06/08/2025,14545844.00,Seeds,Diwei581
620,07/08/2025,47101942.00,Seeds,Diwei582
621,08/08/2025,27232513.00,Seeds,Diwei583
622,09/08/2025,122068699.00,Seeds,Diwei584
623,10/08/2025,26483172.00,Seeds,Diwei585
624,11/08/2025,422783777.00,Seeds,Diwei586
625,12/08/2025,112064048.00,Seeds,Diwei587
626,13/08/2025,45204871.00,Seeds,Diwei588
627,14/08/2025,36374286.00,Seeds,Diwei589
628,15/08/2025,37152089.00,Seeds,Diwei590
629,16/08/2025,21573367.00,Seeds,Diwei591
630,17/08/2025,26671919.00,Seeds,Diwei592
631,18/08/2025,24094383.00,Seeds,Diwei593
632,19/08/2025,42773993.00,Seeds,Diwei594
633,20/08/2025,26458610.00,Seeds,Diwei595
634,21/08/2025,22759972.00,Seeds,Diwei596
635,22/08/2025,19540497.00,Seeds,Diwei597
636,23/08/2025,34322886.00,Seeds,Diwei598
637,24/08/2025,52569286.00,Seeds,Diwei599
638,25/08/2025,72927631.00,Seeds,Diwei600
639,26/08/2025,53597905.00,Seeds,Diwei601
640,27/08/2025,38936955.00,Seeds,Diwei602
641,28/08/2025,72728722.00,Seeds,Diwei603
642,29/08/2025,102121184.00,Seeds,Diwei604
643,30/08/2025,61564231.00,Seeds,Diwei605
644,31/08/2025,47084066.00,Seeds,Diwei606
645,01/09/2025,74802273.00,Seeds,Diwei607
646,02/09/2025,146881450.00,Seeds,Diwei608
647,03/09/2025,2808000.00,Seeds,Diwei609
648,04/09/2025,2300000.00,Seeds,Diwei610
649,05/09/2025,3000000.00,Seeds,Diwei611
650,06/09/2025,184925485.00,Seeds,Diwei612
651,07/09/2025,22202612.00,Seeds,Diwei613
652,08/09/2025,84300000.00,Seeds,Diwei614
653,09/09/2025,2956000.00,Seeds,Diwei615
654,10/09/2025,85911262.00,Seeds,Diwei616
655,11/09/2025,43650000.00,Seeds,Diwei617
656,12/09/2025,58271668.00,Seeds,Diwei618
657,13/09/2025,163214286.00,Seeds,Diwei619
658,14/09/2025,5000000.00,Seeds,Diwei620
659,15/09/2025,50000000.00,Seeds,Diwei621
660,16/09/2025,85911262.00,Seeds,Diwei622
661,17/09/2025,97180000.00,Seeds,Diwei623
662,18/09/2025,76657000.00,Seeds,Diwei624
663,19/09/2025,40950000.00,Seeds,Diwei625
664,20/09/2025,6144806.00,Seeds,Diwei626
665,21/09/2025,69700000.00,Seeds,Diwei627
666,22/09/2025,30400000.00,Seeds,Diwei628
667,23/09/2025,29210404.00,Seeds,Diwei629
668,24/09/2025,14545844.00,Seeds,Diwei630
669,25/09/2025,35183792.00,Seeds,Diwei631
670,26/09/2025,122315863.00,Seeds,Diwei632
671,27/09/2025,190562.00,Seeds,Diwei633
672,28/09/2025,422783777.00,Seeds,Diwei634
673,29/09/2025,141600000.00,Seeds,Diwei635
674,30/09/2025,61031722.00,Seeds,Diwei636
675,01/10/2025,30930289.00,Seeds,Diwei637
676,02/10/2025,81518020.00,Seeds,Diwei638
677,03/10/2025,23281501.00,Seeds,Diwei639
678,04/10/2025,22261690.00,Seeds,Diwei640
679,05/10/2025,21236236.00,Seeds,Diwei641
680,06/10/2025,43272187.00,Seeds,Diwei642
681,07/10/2025,11167542.00,Seeds,Diwei643
682,08/10/2025,30632706.00,Seeds,Diwei644
683,09/10/2025,20486665.00,Seeds,Diwei645
684,10/10/2025,54091910.00,Seeds,Diwei646
685,11/10/2025,73804328.00,Seeds,Diwei647
686,12/10/2025,158784363.00,Seeds,Diwei648
687,13/10/2025,63458854.00,Seeds,Diwei649
688,14/10/2025,65113286.00,Seeds,Diwei650
689,15/10/2025,82283037.00,Seeds,Diwei651
690,16/10/2025,147271419.00,Seeds,Diwei652
691,17/10/2025,117268072.00,Seeds,Diwei653
692,18/10/2025,78523369.00,Seeds,Diwei654
693,19/10/2025,219886386.00,Seeds,Diwei655
694,20/10/2025,7927.00,Seeds,Diwei656
695,21/10/2025,32000000.00,Seeds,Diwei657
696,22/10/2025,73548.00,Seeds,Diwei658
697,23/10/2025,13782838.00,Seeds,Diwei659
698,24/10/2025,56715371.00,Seeds,Diwei660
699,25/10/2025,41814863.00,Seeds,Diwei661
700,26/10/2025,82226474.00,Seeds,Diwei662
701,27/10/2025,31899000.00,Seeds,Diwei663
702,28/10/2025,800000.00,Seeds,Diwei664
703,29/10/2025,104760758.00,Seeds,Diwei665
704,30/10/2025,33378357.00,Seeds,Diwei666
705,31/10/2025,103001286.00,Seeds,Diwei667
706,01/11/2025,7199380.00,Seeds,Diwei668
707,02/11/2025,36177175.00,Seeds,Diwei669
708,03/11/2025,21413502.00,Seeds,Diwei670
709,04/11/2025,502028.00,Seeds,Diwei671
710,05/11/2025,29495404.00,Seeds,Diwei672
711,06/11/2025,110873561.00,Seeds,Diwei673
712,07/11/2025,31227024.00,Seeds,Diwei674
713,08/11/2025,48572622.00,Seeds,Diwei675
714,09/11/2025,46754746.00,Seeds,Diwei676
715,10/11/2025,43412806.00,Seeds,Diwei677
716,11/11/2025,38425399.00,Seeds,Diwei678
717,12/11/2025,55996385.00,Seeds,Diwei679
718,13/11/2025,43468130.00,Seeds,Diwei680
719,14/11/2025,33404288.00,Seeds,Diwei681
720,15/11/2025,53996466.00,Seeds,Diwei682
721,16/11/2025,49866660.00,Seeds,Diwei683
722,17/11/2025,66692871.00,Seeds,Diwei684
723,18/11/2025,49400367.00,Seeds,Diwei685
724,19/11/2025,40343449.00,Seeds,Diwei686
725,20/11/2025,55535111.00,Seeds,Diwei687
726,21/11/2025,42352728.00,Seeds,Diwei688
727,22/11/2025,48107398.00,Seeds,Diwei689
728,23/11/2025,37512350.00,Seeds,Diwei690
729,24/11/2025,51565055.00,Seeds,Diwei691
730,25/11/2025,48071091.00,Seeds,Diwei692
731,26/11/2025,50455541.00,Seeds,Diwei693
732,27/11/2025,53336897.00,Seeds,Diwei694
733,28/11/2025,30022550.00,Seeds,Diwei695
734,29/11/2025,36725117.00,Seeds,Diwei696
735,30/11/2025,14359793.00,Seeds,Diwei697
736,01/12/2025,114968774.00,Seeds,Diwei698
737,02/12/2025,1408975.00,Seeds,Diwei699
738,03/12/2025,2300000.00,Seeds,Diwei700
739,04/12/2025,3000000.00,Seeds,Diwei701
740,05/12/2025,34293771.00,Seeds,Diwei702
741,06/12/2025,198655278.00,Seeds,Diwei703
742,07/12/2025,22025000.00,Seeds,Diwei704
743,08/12/2025,2956000.00,Seeds,Diwei705
744,09/12/2025,528972.00,Seeds,Diwei706
745,10/12/2025,9600000.00,Seeds,Diwei707
746,11/12/2025,25000000.00,Seeds,Diwei708
747,12/12/2025,43650000.00,Seeds,Diwei709
748,13/12/2025,57750000.00,Seeds,Diwei710
749,14/12/2025,77953057.00,Seeds,Diwei711
750,15/12/2025,137468143.00,Seeds,Diwei712
751,16/12/2025,23091.00,Seeds,Diwei713
752,17/12/2025,12791479.00,Seeds,Diwei714
753,18/12/2025,2507796.00,Seeds,Diwei715
754,19/12/2025,50000000.00,Seeds,Diwei716
755,20/12/2025,32645.00,Seeds,Diwei717
756,21/12/2025,39552600.00,Seeds,Diwei718
757,22/12/2025,47562713.00,Seeds,Diwei719
758,23/12/2025,181360000.00,Seeds,Diwei720
759,24/12/2025,206899293.00,Seeds,Diwei721
760,25/12/2025,41523271.00,Seeds,Diwei722
761,26/12/2025,100815136.00,Seeds,Diwei723
762,27/12/2025,117904828.00,Seeds,Diwei724
763,28/12/2025,60392245.00,Seeds,Diwei725
764,29/12/2025,87100000.00,Seeds,Diwei726
765,30/12/2025,36752030.00,Seeds,Diwei727
766,31/12/2025,64981201.00,Seeds,Diwei728
767,01/01/2026,24011803.00,Seeds,Diwei729
768,02/01/2026,37916056.00,Seeds,Diwei730
769,03/01/2026,63168709.00,Seeds,Diwei731
770,04/01/2026,37884558.00,Seeds,Diwei732
771,05/01/2026,68654208.00,Seeds,Diwei733
772,06/01/2026,40433893.00,Seeds,Diwei734
773,07/01/2026,28656707.00,Seeds,Diwei735
774,08/01/2026,35043725.00,Seeds,Diwei736
775,09/01/2026,40484011.00,Seeds,Diwei737
776,10/01/2026,114606209.00,Seeds,Diwei738
777,11/01/2026,62008043.00,Seeds,Diwei739
778,12/01/2026,42186281.00,Seeds,Diwei740
779,13/01/2026,44029462.00,Seeds,Diwei741
780,14/01/2026,42615932.00,Seeds,Diwei742
781,15/01/2026,57337746.00,Seeds,Diwei743
782,16/01/2026,34499090.00,Seeds,Diwei744
783,17/01/2026,45012833.00,Seeds,Diwei745
784,18/01/2026,55366089.00,Seeds,Diwei746
785,19/01/2026,29762439.00,Seeds,Diwei747
786,20/01/2026,45458615.00,Seeds,Diwei748
787,21/01/2026,49719061.00,Seeds,Diwei749
788,22/01/2026,41322120.00,Seeds,Diwei750
789,23/01/2026,44646862.00,Seeds,Diwei751
790,24/01/2026,47303217.00,Seeds,Diwei752
791,25/01/2026,42599774.00,Seeds,Diwei753
792,26/01/2026,28102687.00,Seeds,Diwei754
793,27/01/2026,39597394.00,Seeds,Diwei755
794,28/01/2026,61003900.00,Seeds,Diwei756
795,29/01/2026,79554378.00,Seeds,Diwei757
796,30/01/2026,26435.00,Seeds,Diwei758
797,31/01/2026,5000000.00,Seeds,Diwei759
798,01/02/2026,172015950.00,Seeds,Diwei760
799,02/02/2026,47134651.00,Seeds,Diwei761
800,03/02/2026,25556065.00,Seeds,Diwei762
801,04/02/2026,180011740.00,Seeds,Diwei763
802,05/02/2026,180011740.00,Seeds,Diwei764
803,06/02/2026,180011740.00,Seeds,Diwei765
804,07/02/2026,180011740.00,Seeds,Diwei766
805,08/02/2026,39985328.00,Seeds,Diwei767
806,09/02/2026,25000000.00,Seeds,Diwei768
807,10/02/2026,87550000.00,Seeds,Diwei769
808,11/02/2026,139692687.00,Seeds,Diwei770
809,12/02/2026,138578670.00,Seeds,Diwei771
810,13/02/2026,153976900.00,Seeds,Diwei772
811,14/02/2026,17593391.00,Seeds,Diwei773
812,15/02/2026,174714135.00,Seeds,Diwei774
813,16/02/2026,174303809.00,Seeds,Diwei775
814,17/02/2026,73847491.00,Seeds,Diwei776
815,18/02/2026,64214500.00,Seeds,Diwei777
816,19/02/2026,76184826.00,Seeds,Diwei778
817,20/02/2026,72685175.00,Seeds,Diwei779
818,21/02/2026,61015931.00,Seeds,Diwei780
819,22/02/2026,110876179.00,Seeds,Diwei781
820,23/02/2026,98271956.00,Seeds,Diwei782
821,24/02/2026,169031850.00,Seeds,Diwei783
822,25/02/2026,91262873.00,Seeds,Diwei784
823,26/02/2026,128944495.00,Seeds,Diwei785
824,27/02/2026,87803799.00,Seeds,Diwei786
825,28/02/2026,93715439.00,Seeds,Diwei787
826,01/03/2026,105558943.00,Seeds,Diwei788
827,02/03/2026,91640164.00,Seeds,Diwei789
828,03/03/2026,100647376.00,Seeds,Diwei790
829,04/03/2026,58284474.00,Seeds,Diwei791
830,05/03/2026,51876772.00,Seeds,Diwei792
831,06/03/2026,54277386.00,Seeds,Diwei793
832,07/03/2026,104270422.00,Seeds,Diwei794
833,08/03/2026,68939849.00,Seeds,Diwei795
834,09/03/2026,73204004.00,Seeds,Diwei796
835,10/03/2026,74885334.00,Seeds,Diwei797
836,11/03/2026,50307625.00,Seeds,Diwei798
837,12/03/2026,138398205.00,Seeds,Diwei799
838,13/03/2026,71491508.00,Seeds,Diwei800
839,14/03/2026,115388363.00,Seeds,Diwei801
840,15/03/2026,105127143.00,Seeds,Diwei802
841,16/03/2026,96466318.00,Seeds,Diwei803
842,17/03/2026,107894040.00,Seeds,Diwei804
843,18/03/2026,135831005.00,Seeds,Diwei805
844,19/03/2026,135389056.00,Seeds,Diwei806
845,20/03/2026,129533531.00,Seeds,Diwei807
846,21/03/2026,128718113.00,Seeds,Diwei808
847,22/03/2026,7518876.00,Seeds,Diwei809
848,23/03/2026,19922625.00,Seeds,Diwei810
849,24/03/2026,40546177.00,Seeds,Diwei811
850,25/03/2026,52293982.00,Seeds,Diwei812
851,26/03/2026,52277485.00,Seeds,Diwei813
852,27/03/2026,32041802.00,Seeds,Diwei814
853,28/03/2026,56277657.00,Seeds,Diwei815
854,29/03/2026,82670733.00,Seeds,Diwei816
855,30/03/2026,70162869.00,Seeds,Diwei817
856,31/03/2026,35853263.00,Seeds,Diwei818
857,01/04/2026,25879976.00,Seeds,Diwei819
858,02/04/2026,63343502.00,Seeds,Diwei820
859,03/04/2026,12581053.00,Seeds,Diwei821
860,04/04/2026,58642899.00,Seeds,Diwei822
861,05/04/2026,33074707.00,Seeds,Diwei823
862,06/04/2026,40221795.00,Seeds,Diwei824
863,07/04/2026,45616091.00,Seeds,Diwei825
864,08/04/2026,32930269.00,Seeds,Diwei826
865,09/04/2026,73243336.00,Seeds,Diwei827
866,10/04/2026,37944482.00,Seeds,Diwei828
867,11/04/2026,36952778.00,Seeds,Diwei829
868,12/04/2026,62770479.00,Seeds,Diwei830
869,13/04/2026,24090038.00,Seeds,Diwei831
870,14/04/2026,25714793.00,Seeds,Diwei832
871,15/04/2026,54022489.00,Seeds,Diwei833
872,16/04/2026,27118378.00,Seeds,Diwei834
873,17/04/2026,62884970.00,Seeds,Diwei835
874,18/04/2026,21197709.00,Seeds,Diwei836
875,19/04/2026,60132523.00,Seeds,Diwei837
876,20/04/2026,74121766.00,Seeds,Diwei838
877,21/04/2026,44447058.00,Seeds,Diwei839
878,22/04/2026,15785632.00,Seeds,Diwei840
879,23/04/2026,7927.00,Seeds,Diwei841
880,24/04/2026,90356857.00,Seeds,Diwei842
881,25/04/2026,32000000.00,Seeds,Diwei843
882,26/04/2026,43650000.00,Seeds,Diwei844
883,27/04/2026,16067035.00,Seeds,Diwei845
884,28/04/2026,24800000.00,Seeds,Diwei846
885,29/04/2026,51100000.00,Seeds,Diwei847
886,30/04/2026,63600000.00,Seeds,Diwei848
887,01/05/2026,43100000.00,Seeds,Diwei849
888,02/05/2026,37553932.00,Seeds,Diwei850
889,03/05/2026,180011740.00,Seeds,Diwei851
890,04/05/2026,104750870.00,Seeds,Diwei852
891,05/05/2026,164864108.00,Seeds,Diwei853
892,06/05/2026,87454197.00,Seeds,Diwei854
893,07/05/2026,30859000.00,Seeds,Diwei855
894,08/05/2026,33577889.00,Seeds,Diwei856
895,09/05/2026,47128225.00,Seeds,Diwei857
896,10/05/2026,60980594.00,Seeds,Diwei858
897,11/05/2026,92920758.00,Seeds,Diwei859
898,12/05/2026,34726466.00,Seeds,Diwei860
899,13/05/2026,19133283.00,Seeds,Diwei861
900,14/05/2026,46925000.00,Seeds,Diwei862
901,15/05/2026,66995000.00,Seeds,Diwei863
902,16/05/2026,31754644.00,Seeds,Diwei864
903,17/05/2026,87544593.00,Seeds,Diwei865
904,18/05/2026,8254922.00,Seeds,Diwei866
905,19/05/2026,63179778.00,Seeds,Diwei867
906,20/05/2026,41301388.00,Seeds,Diwei868
907,21/05/2026,43665882.00,Seeds,Diwei869
908,22/05/2026,105937565.00,Seeds,Diwei870
909,23/05/2026,38799016.00,Seeds,Diwei871
910,24/05/2026,50059704.00,Seeds,Diwei872
911,25/05/2026,70539037.00,Seeds,Diwei873
912,26/05/2026,48987297.00,Seeds,Diwei874
913,27/05/2026,55797550.00,Seeds,Diwei875
914,28/05/2026,50976051.00,Seeds,Diwei876
915,29/05/2026,60056112.00,Seeds,Diwei877
916,30/05/2026,53422923.00,Seeds,Diwei878
917,31/05/2026,44915687.00,Seeds,Diwei879
918,01/06/2026,52865673.00,Seeds,Diwei880
919,02/06/2026,51355077.00,Seeds,Diwei881
920,03/06/2026,46925405.00,Seeds,Diwei882
921,04/06/2026,43813108.00,Seeds,Diwei883
922,05/06/2026,41258910.00,Seeds,Diwei884
923,06/06/2026,41280669.00,Seeds,Diwei885
924,07/06/2026,48604583.00,Seeds,Diwei886
925,08/06/2026,40047710.00,Seeds,Diwei887
926,09/06/2026,52109004.00,Seeds,Diwei888
927,10/06/2026,43681881.00,Seeds,Diwei889
928,11/06/2026,41090935.00,Seeds,Diwei890
929,12/06/2026,43302980.00,Seeds,Diwei891
930,13/06/2026,59475490.00,Seeds,Diwei892
931,14/06/2026,68687379.00,Seeds,Diwei893
932,15/06/2026,63339466.00,Seeds,Diwei894
933,16/06/2026,66428433.00,Seeds,Diwei895
934,17/06/2026,41804921.00,Seeds,Diwei896
935,18/06/2026,34293771.00,Seeds,Diwei897
936,19/06/2026,198655278.00,Seeds,Diwei898
937,20/06/2026,23650000.00,Seeds,Diwei899
938,21/06/2026,528972.00,Seeds,Diwei900
939,22/06/2026,27200000.00,Seeds,Diwei901
940,23/06/2026,6000000.00,Seeds,Diwei902
941,24/06/2026,55868436.00,Seeds,Diwei903
942,25/06/2026,23091.00,Seeds,Diwei904
943,26/06/2026,9750000.00,Seeds,Diwei905
944,27/06/2026,25900000.00,Seeds,Diwei906
945,28/06/2026,78800000.00,Seeds,Diwei907
946,29/06/2026,69800000.00,Seeds,Diwei908
947,30/06/2026,11433134.00,Seeds,Diwei909
948,01/07/2026,137963328.00,Seeds,Diwei910
949,02/07/2026,23091.00,Seeds,Diwei911
950,03/07/2026,53715611.00,Seeds,Diwei912
951,04/07/2026,40081398.00,Seeds,Diwei913
952,05/07/2026,14587732.00,Seeds,Diwei914
953,06/07/2026,64199052.00,Seeds,Diwei915
954,07/07/2026,10769960.00,Seeds,Diwei916
955,08/07/2026,66528842.00,Seeds,Diwei917
956,09/07/2026,42869294.00,Seeds,Diwei918
957,10/07/2026,49533631.00,Seeds,Diwei919
958,11/07/2026,29262339.00,Seeds,Diwei920
959,12/07/2026,88287113.00,Seeds,Diwei921
960,13/07/2026,18137868.00,Seeds,Diwei922
961,14/07/2026,63648448.00,Seeds,Diwei923
962,15/07/2026,63436482.00,Seeds,Diwei924
963,16/07/2026,22672300.00,Seeds,Diwei925
964,17/07/2026,40564499.00,Seeds,Diwei926
965,18/07/2026,19536226.00,Seeds,Diwei927
966,19/07/2026,16950247.00,Seeds,Diwei928
967,20/07/2026,24958630.00,Seeds,Diwei929
968,21/07/2026,7911560.00,Seeds,Diwei930
969,22/07/2026,12342633.00,Seeds,Diwei931
970,23/07/2026,33423332.00,Seeds,Diwei932
971,24/07/2026,16981130.00,Seeds,Diwei933
972,25/07/2026,34343095.00,Seeds,Diwei934
973,26/07/2026,27509410.00,Seeds,Diwei935
974,27/07/2026,36812800.00,Seeds,Diwei936
975,28/07/2026,71737646.00,equipments,Diwei937
976,29/07/2026,34502776.00,equipments,Diwei938
977,30/07/2026,20568657.00,equipments,Diwei939
978,31/07/2026,20400000.00,equipments,Diwei940
979,01/08/2026,3500000.00,equipments,Diwei941
980,02/08/2026,14873.00,equipments,Diwei942
981,03/08/2026,119500000.00,equipments,Diwei943
982,04/08/2026,1500000.00,equipments,Diwei944
983,05/08/2026,89289910.00,equipments,Diwei945
984,06/08/2026,37300000.00,equipments,Diwei946
985,07/08/2026,44726644.00,Seeds,Diwei947
986,08/08/2026,97762860.00,Seeds,Diwei948
987,09/08/2026,7434726.00,Seeds,Diwei949
988,10/08/2026,101157447.00,Seeds,Diwei950
989,11/08/2026,56505065.00,Seeds,Diwei951
990,12/08/2026,45790421.00,Seeds,Diwei952
991,13/08/2026,18636537.00,Seeds,Diwei953
992,14/08/2026,59813244.00,Seeds,Diwei954
993,15/08/2026,57188093.00,Seeds,Diwei955
994,16/08/2026,18316823.00,Seeds,Diwei956
995,17/08/2026,6944180.00,Seeds,Diwei957
996,18/08/2026,73215310.00,Seeds,Diwei958
997,19/08/2026,58328680.00,Seeds,Diwei959
998,20/08/2026,37366485.00,Seeds,Diwei960
999,21/08/2026,17426795.00,Seeds,Diwei961
1000,22/08/2026,19515208.00,Seeds,Diwei962
1001,23/08/2026,46711156.00,Seeds,Diwei963
1002,24/08/2026,38022667.00,Seeds,Diwei964
1003,25/08/2026,41599538.00,Seeds,Diwei965
1004,26/08/2026,84349943.00,Seeds,Diwei966
1005,27/08/2026,89289910.00,Seeds,Diwei967
1006,28/08/2026,85749706.00,Seeds,Diwei968
1007,29/08/2026,79327069.00,Seeds,Diwei969
1008,30/08/2026,1512815.00,Seeds,Diwei970
